last_name, first_name,player_id,team_id,team,position,age,competitive_runs,bolts,hp_to_1b,sprint_speed,year
Carroll, Corbin,682998,109,AZ,LF,21,52,31,4.05,30.7,2022
Thompson, Bubba,669352,140,TEX,LF,24,60,44,4.16,30.4,2022
Siri, Jose,642350,139,TB,CF,26,95,46,4.2,30.4,2022
Witt Jr., Bobby,677951,118,KC,SS,22,201,107,4.13,30.4,2022
Turner, Trea,607208,119,LAD,SS,29,277,131,4.14,30.3,2022
Mitchell, Garrett,669003,158,MIL,CF,23,20,11,4.01,30.2,2022
Locastro, Tim,641796,147,NYY,RF,29,20,12,4.18,30.1,2022
Bernard, Wynton,592144,115,COL,CF,31,23,14,4.08,30.1,2022
Mateo, Jorge,622761,110,BAL,SS,27,159,69,4.2,30.1,2022
McCarthy, Jake,664983,109,AZ,RF,24,138,71,4.21,30.1,2022
White, Eli,642201,140,TEX,CF,28,25,20,4.11,30.1,2022
Cruz, Oneil,665833,134,PIT,SS,23,123,52,4.2,29.9,2022
Ruiz, Esteury,665923,158,MIL,LF,23,18,8,4.31,29.8,2022
Adell, Jo,666176,108,LAA,LF,23,87,27,4.31,29.8,2022
Rodríguez, Julio,677594,136,SEA,CF,21,205,75,4.24,29.8,2022
O'Neill, Tyler,641933,138,STL,LF,27,108,37,4.28,29.8,2022
Hill, Derek,656537,116,DET,CF,26,29,15,4.23,29.7,2022
Eaton, Nate,681987,118,KC,3B,25,42,11,4.17,29.7,2022
Sierra, Magneuris,642423,108,LAA,CF,26,33,14,4.07,29.6,2022
Vierling, Matt,663837,143,PHI,CF,25,112,21,4.34,29.6,2022
Berti, Jon,542932,146,MIA,2B,32,163,35,4.26,29.6,2022
Quinn, Roman,596451,139,TB,CF,29,13,10,,29.6,2022
Hampson, Garrett,641658,115,COL,CF,27,78,23,4.25,29.5,2022
Rosario, Amed,642708,114,CLE,SS,26,344,91,4.17,29.5,2022
Taveras, Leody,665750,140,TEX,CF,23,105,31,4.21,29.5,2022
Sosa, Edmundo,624641,143,PHI,SS,26,74,19,4.32,29.5,2022
Azocar, José,640492,135,SD,CF,26,87,21,4.34,29.5,2022
Kennedy, Buddy,671083,109,AZ,2B,23,32,7,4.27,29.4,2022
Harris II, Michael,671739,144,ATL,CF,21,213,47,4.22,29.4,2022
Thomas, Lane,657041,120,WSH,CF,26,185,39,4.38,29.4,2022
Trout, Mike,545361,108,LAA,CF,30,106,27,4.3,29.4,2022
Peña, Jeremy,665161,117,HOU,SS,24,213,38,4.28,29.4,2022
Thomas, Alek,677950,109,AZ,CF,22,192,11,4.13,29.4,2022
McKenna, Ryan,663630,110,BAL,CF,25,64,10,4.2,29.4,2022
Straw, Myles,664702,114,CLE,CF,27,250,50,4.14,29.3,2022
Benson, Will,666181,114,CLE,CF,24,21,2,4.33,29.3,2022
Giménez, Andrés,665926,114,CLE,2B,23,193,44,4.14,29.3,2022
Chisholm Jr., Jazz,665862,146,MIA,2B,24,70,12,4.18,29.2,2022
Duran, Jarren,680776,111,BOS,CF,25,90,14,4.13,29.2,2022
Zimmer, Bradley,605548,141,TOR,CF,29,34,8,4.23,29.2,2022
Velazquez, Andrew,623205,108,LAA,SS,27,102,35,4.23,29.2,2022
Kiermaier, Kevin,595281,139,TB,CF,32,91,5,4.12,29.2,2022
Fox, Lucius,665650,120,WSH,SS,24,13,3,,29.1,2022
Bader, Harrison,664056,147,NYY,CF,28,117,17,4.27,29.1,2022
Hoerner, Nico,663538,112,CHC,SS,25,219,12,4.28,29.1,2022
Engel, Adam,641553,145,CWS,CF,30,83,9,4.2,29.1,2022
Raley, Luke,670042,139,TB,RF,27,16,2,,29.1,2022
Duran, Ezequiel,677649,140,TEX,3B,23,84,7,4.34,29.1,2022
Buxton, Byron,621439,142,MIN,CF,28,82,23,4.16,29.1,2022
Henderson, Gunnar,683002,110,BAL,3B,21,57,2,4.19,29.1,2022
Jankowski, Travis,608671,136,SEA,RF,31,35,6,4.18,29,2022
Stott, Bryson,681082,143,PHI,SS,24,192,18,4.21,29.1,2022
Fairchild, Stuart,656413,113,CIN,LF,26,32,2,4.26,29,2022
Abrams, CJ,682928,120,WSH,SS,21,130,24,4.21,29,2022
Wade, Tyler,642180,108,LAA,2B,27,44,7,4.16,29,2022
Miller, Owen,680911,114,CLE,1B,25,185,17,4.3,29,2022
Bae, Ji Hwan,678225,134,PIT,CF,22,22,5,,29,2022
Haggerty, Sam,664059,136,SEA,RF,28,73,6,4.33,28.9,2022
Peraza, Oswald,672724,147,NYY,SS,22,28,2,4.31,28.9,2022
McCutchen, Andrew,457705,158,MIL,DH,35,173,15,4.38,28.9,2022
Brinson, Lewis,621446,137,SF,CF,28,10,1,,28.9,2022
Marsh, Brandon,669016,143,PHI,LF,24,152,6,4.27,28.9,2022
Baddoo, Akil,668731,116,DET,LF,23,78,5,4.12,28.9,2022
Meyers, Jake,676694,117,HOU,CF,26,57,1,4.35,28.9,2022
Semien, Marcus,543760,140,TEX,2B,31,220,9,4.37,28.9,2022
Chavis, Michael,656308,134,PIT,1B,26,133,1,4.36,28.9,2022
Lux, Gavin,666158,119,LAD,2B,24,205,4,4.19,28.9,2022
Wong, Connor,657136,111,BOS,C,26,24,,4.33,28.8,2022
Morel, Christopher,666624,112,CHC,CF,23,143,6,4.38,28.8,2022
Phillips, Brett,621433,110,BAL,CF,28,46,3,4.15,28.9,2022
Gonzalez, Oscar,660757,114,CLE,RF,24,170,2,4.35,28.9,2022
Hummel, Cooper,669450,109,AZ,LF,27,63,,4.31,28.8,2022
Grisham, Trent,663757,135,SD,CF,25,160,8,4.35,28.8,2022
Lowe, Josh,666139,139,TB,RF,24,55,8,4.21,28.8,2022
Williams, Luke,663897,146,MIA,LF,25,40,2,4.23,28.8,2022
Marcano, Tucupita,672779,134,PIT,LF,22,64,,4.27,28.8,2022
Gosselin, Phil,594838,108,LAA,3B,33,22,1,4.35,28.8,2022
Martin, Richie,621006,110,BAL,2B,27,11,,,28.8,2022
Aquino, Aristides,606157,113,CIN,RF,28,72,2,4.42,28.8,2022
Arozarena, Randy,668227,139,TB,LF,27,245,13,4.27,28.8,2022
Edman, Tommy,669242,138,STL,SS,27,247,12,4.25,28.8,2022
Realmuto, J.T.,592663,143,PHI,C,31,207,5,4.35,28.8,2022
Robles, Victor,645302,120,WSH,CF,25,122,27,4.36,28.7,2022
Taylor, Michael A.,572191,118,KC,CF,31,138,15,4.26,28.7,2022
Hilliard, Sam,656541,115,COL,LF,28,60,4,4.2,28.7,2022
Walls, Taylor,670764,139,TB,SS,25,144,5,4.23,28.7,2022
Marisnick, Jake,545350,134,PIT,CF,31,24,2,,28.7,2022
Senzel, Nick,669222,113,CIN,CF,27,143,2,4.41,28.7,2022
Alfaro, Jorge,595751,135,SD,C,29,83,,4.41,28.7,2022
Langeliers, Shea,669127,133,OAK,DH,24,43,,4.49,28.7,2022
Solak, Nick,669256,140,TEX,LF,27,36,1,4.4,28.7,2022
Suwinski, Jack,669261,134,PIT,LF,23,104,3,4.32,28.7,2022
Nimmo, Brandon,607043,121,NYM,CF,29,282,30,4.18,28.7,2022
Merrifield, Whit,593160,141,TOR,2B,33,183,1,4.32,28.7,2022
McCormick, Chas,676801,117,HOU,CF,27,132,5,4.27,28.6,2022
Cordero, Franchy,614173,111,BOS,1B,27,73,4,4.27,28.6,2022
Garrett, Stone,656448,109,AZ,LF,26,22,1,4.46,28.6,2022
Hernández, Teoscar,606192,141,TOR,RF,29,177,5,4.33,28.6,2022
Olivares, Edward,658668,118,KC,RF,26,70,1,4.36,28.6,2022
Munoz, Yairo,622168,143,PHI,2B,27,32,,4.33,28.6,2022
Pache, Cristian,665506,133,OAK,CF,23,101,,4.39,28.6,2022
Bruján, Vidal,660644,139,TB,2B,24,50,2,4.28,28.5,2022
Taylor, Chris,621035,119,LAD,LF,31,109,,4.35,28.5,2022
Palacios, Josh,641943,120,WSH,RF,26,19,,4.2,28.5,2022
Acuña Jr., Ronald,660670,144,ATL,RF,24,179,25,4.27,28.5,2022
Hermosillo, Michael,641684,112,CHC,CF,27,17,,,28.5,2022
Cameron, Daz,663662,116,DET,RF,25,23,1,4.41,28.5,2022
Hensley, David,682073,117,HOU,DH,26,15,,4.34,28.5,2022
Story, Trevor,596115,111,BOS,2B,29,113,5,4.33,28.5,2022
Peterson, Jace,607054,158,MIL,3B,32,107,3,4.25,28.5,2022
Barrera, Luis,642456,133,OAK,RF,26,39,3,4.22,28.5,2022
Ramírez, José,608070,114,CLE,3B,29,228,6,4.22,28.5,2022
Gonzalez, Romy,663853,145,CWS,2B,25,39,1,4.38,28.5,2022
Garcia, Maikel,672580,118,KC,SS,22,10,1,,28.5,2022
Mullins, Cedric,656775,110,BAL,CF,27,197,18,4.16,28.5,2022
Taylor, Tyrone,621438,158,MIL,CF,28,139,2,4.5,28.5,2022
Biggio, Cavan,624415,141,TOR,2B,27,79,,4.35,28.5,2022
Garcia, Leury,544725,145,CWS,2B,31,131,4,4.18,28.4,2022
Waters, Drew,671221,118,KC,RF,23,36,,,28.4,2022
Contreras, Mark,676628,142,MIN,CF,27,17,,4.35,28.4,2022
Chang, Yu,644374,111,BOS,2B,26,61,,4.52,28.4,2022
Lewis, Royce,668904,142,MIN,SS,23,15,,,28.4,2022
Kim, Ha-Seong,673490,135,SD,SS,26,228,1,4.39,28.4,2022
Kiner-Falefa, Isiah,643396,147,NYY,SS,27,255,,4.27,28.4,2022
Ward, Taylor,621493,108,LAA,RF,28,160,6,4.4,28.4,2022
Swanson, Dansby,621020,144,ATL,SS,28,210,9,4.33,28.4,2022
Kwan, Steven,680757,114,CLE,LF,24,272,17,4.16,28.4,2022
Wallner, Matt,670242,142,MIN,RF,24,20,,4.32,28.4,2022
Iglesias, José,578428,115,COL,SS,32,206,8,4.24,28.4,2022
Call, Alex,669743,120,WSH,LF,27,34,,4.37,28.4,2022
Palacios, Jermaine,650339,142,MIN,SS,25,23,,4.45,28.4,2022
Castro, Willi,650489,116,DET,RF,25,137,,4.29,28.4,2022
Strange-Gordon, Dee,543829,120,WSH,SS,34,32,1,4.13,28.4,2022
Gutiérrez, Kelvin,642721,110,BAL,3B,27,13,,,28.4,2022
Suzuki, Seiya,673548,112,CHC,RF,27,142,2,4.33,28.3,2022
Chapman, Matt,656305,141,TOR,3B,29,150,,4.44,28.4,2022
Mercado, Oscar,640458,114,CLE,RF,27,39,,4.41,28.3,2022
McKinstry, Zach,656716,112,CHC,2B,27,54,,4.31,28.3,2022
Hernández, César,514917,120,WSH,2B,32,223,19,4.26,28.3,2022
Anderson, Tim,641313,145,CWS,SS,29,148,29,4.32,28.3,2022
Toglia, Michael,669911,115,COL,RF,23,34,,,28.3,2022
Moore, Dylan,664238,136,SEA,RF,29,67,,4.4,28.3,2022
Dalbec, Bobby,666915,111,BOS,1B,27,87,,4.49,28.3,2022
Springer, George,543807,141,TOR,CF,32,205,2,4.37,28.3,2022
Kreidler, Ryan,668952,116,DET,3B,24,20,,4.38,28.3,2022
Estrada, Thairo,642731,137,SF,2B,26,223,6,4.3,28.3,2022
Demeritte, Travis,641513,144,ATL,RF,27,31,,4.46,28.3,2022
Reynolds, Bryan,668804,134,PIT,CF,27,193,1,4.34,28.3,2022
Ohtani, Shohei,660271,108,LAA,DH,27,196,9,4.09,28.3,2022
García, Avisaíl,541645,146,MIA,RF,31,140,,4.54,28.3,2022
Cain, Lorenzo,456715,158,MIL,CF,36,64,2,4.4,28.3,2022
Smith, Josh H.,669701,140,TEX,3B,24,61,,4.32,28.2,2022
Dubón, Mauricio,643289,117,HOU,CF,27,90,,4.28,28.2,2022
Cronenworth, Jake,630105,135,SD,2B,28,222,1,4.34,28.2,2022
Clement, Ernie,676391,133,OAK,3B,26,68,,4.32,28.2,2022
González, Luis,670768,137,SF,RF,26,119,,4.25,28.2,2022
Nootbaar, Lars,663457,138,STL,RF,24,124,,4.28,28.2,2022
Velázquez, Nelson,676369,112,CHC,CF,23,70,,4.43,28.2,2022
Escobar, Alcides,444876,120,WSH,SS,35,43,1,4.39,28.2,2022
Daza, Yonathan,602074,115,COL,CF,28,203,,4.35,28.2,2022
Slater, Austin,596103,137,SF,CF,29,105,7,4.37,28.2,2022
Polanco, Jorge,593871,142,MIN,2B,28,97,1,4.18,28.2,2022
Myers, Wil,571976,135,SD,RF,31,94,,4.43,28.2,2022
Friedl, TJ,670770,113,CIN,LF,26,72,,4.26,28.2,2022
Moniak, Mickey,666160,108,LAA,CF,24,29,3,4.32,28.2,2022
Bethancourt, Christian,542194,139,TB,C,30,111,,4.43,28.1,2022
Tapia, Raimel,606132,141,TOR,LF,28,190,10,4.27,28.2,2022
Allen, Greg,656185,134,PIT,LF,29,42,3,4.47,28.1,2022
Ramírez, Harold,623912,139,TB,DH,27,182,1,4.33,28.1,2022
Burdick, Peyton,680814,146,MIA,CF,25,23,,4.43,28.1,2022
Lee, Korey,686676,117,HOU,C,23,11,,,28.1,2022
Bellinger, Cody,641355,119,LAD,CF,26,128,2,4.23,28.1,2022
Carlson, Dylan,666185,138,STL,CF,23,177,,4.32,28.1,2022
Yelich, Christian,592885,158,MIL,LF,30,245,8,4.37,28.1,2022
Davis, Jonathan,641505,158,MIL,CF,30,30,,4.41,28.1,2022
Freeman, Tyler,671289,114,CLE,3B,23,40,,4.4,28.1,2022
Altuve, Jose,514888,117,HOU,2B,32,234,39,4.23,28.1,2022
Duggar, Steven,621453,108,LAA,CF,28,15,,,28,2022
Bouchard, Sean,656248,115,COL,LF,26,21,,,28,2022
Arias, Gabriel,672356,114,CLE,3B,22,24,,4.44,28,2022
Heredia, Guillermo,628338,144,ATL,RF,31,25,,4.38,28,2022
Varsho, Daulton,662139,109,AZ,RF,25,184,,4.28,28,2022
Cave, Jake,595909,142,MIN,LF,29,49,,4.31,28,2022
Leblanc, Charles,641779,146,MIA,2B,26,50,,4.33,28,2022
Jones, Nolan,666134,114,CLE,RF,24,26,,4.41,28,2022
Fraley, Jake,641584,113,CIN,LF,27,75,,4.26,28,2022
Toro, Abraham,647351,136,SEA,2B,25,113,,4.31,28,2022
Grichuk, Randal,545341,115,COL,RF,30,206,,4.5,28,2022
González, Erik,570481,146,MIA,3B,30,15,,,28,2022
Marte, Starling,516782,121,NYM,RF,33,223,13,4.28,28,2022
Ahmed, Nick,605113,109,AZ,SS,32,24,,4.47,27.9,2022
Isbel, Kyle,664728,118,KC,RF,25,96,1,4.34,28,2022
Grossman, Robbie,543257,144,ATL,LF,32,110,,4.39,27.9,2022
Duvall, Adam,594807,144,ATL,CF,33,78,,4.46,27.9,2022
Rengifo, Luis,650859,108,LAA,2B,25,222,,4.31,27.9,2022
Florial, Estevan,664314,147,NYY,CF,24,12,1,,27.9,2022
Hicks, Aaron,543305,147,NYY,CF,32,116,,4.26,27.9,2022
Pham, Tommy,502054,111,BOS,LF,34,197,1,4.54,27.9,2022
Escobar, Eduardo,500871,121,NYM,3B,33,139,,4.29,27.9,2022
Happ, Ian,664023,112,CHC,LF,27,226,,4.32,27.9,2022
Báez, Javier,595879,116,DET,SS,29,231,,4.35,27.9,2022
García, Adolis,666969,140,TEX,RF,29,197,12,4.35,27.9,2022
Gamel, Ben,592325,134,PIT,LF,30,131,1,4.35,27.9,2022
Robert Jr., Luis,673357,145,CWS,CF,24,148,8,4.38,27.9,2022
Celestino, Gilberto,665482,142,MIN,CF,23,151,1,4.5,27.9,2022
Margot, Manuel,622534,139,TB,RF,27,140,3,4.34,27.9,2022
Newman, Kevin,621028,134,PIT,2B,28,130,,4.39,27.9,2022
Haseley, Adam,656514,145,CWS,CF,26,14,1,,27.9,2022
Haase, Eric,606992,116,DET,C,29,113,,4.5,27.9,2022
Culberson, Charlie,518586,140,TEX,3B,33,55,,4.33,27.9,2022
Bogaerts, Xander,593428,111,BOS,SS,29,239,1,4.31,27.9,2022
Kepler, Max,596146,142,MIN,RF,29,161,2,4.34,27.9,2022
Hayes, Ke'Bryan,663647,134,PIT,3B,25,199,,4.41,27.9,2022
Barrero, Jose,676480,113,CIN,SS,24,33,,4.49,27.9,2022
Madris, Bligh,676632,134,PIT,RF,26,47,,4.38,27.9,2022
Dozier, Hunter,641531,118,KC,1B,30,165,,4.49,27.9,2022
Palacios, Richie,680700,114,CLE,LF,25,41,,4.35,27.9,2022
Fortes, Nick,663743,146,MIA,C,25,73,,4.48,27.9,2022
Brown, Seth,664913,133,OAK,1B,29,149,,4.51,27.9,2022
Blackmon, Charlie,453568,115,COL,DH,35,211,1,4.36,27.9,2022
Rooker, Brent,667670,118,KC,LF,27,10,,,27.8,2022
Bolt, Skye,621450,133,OAK,CF,28,37,1,4.45,27.8,2022
Torkelson, Spencer,679529,116,DET,1B,22,120,,4.54,27.8,2022
De La Cruz, Bryan,650559,146,MIA,CF,25,116,1,4.52,27.8,2022
Owings, Chris,572008,110,BAL,2B,30,22,,4.34,27.8,2022
Arroyo, Christian,624414,111,BOS,2B,27,115,,4.42,27.8,2022
Thompson, Trayce,572204,119,LAD,LF,31,61,,4.47,27.8,2022
Adames, Willy,642715,158,MIL,SS,26,159,1,4.41,27.8,2022
Riley, Austin,663586,144,ATL,3B,25,226,,4.5,27.8,2022
Melendez, MJ,669004,118,KC,C,23,152,,4.21,27.8,2022
Encarnacion, Jerar,666464,146,MIA,LF,24,27,,4.48,27.8,2022
Hays, Austin,669720,110,BAL,LF,26,226,,4.36,27.8,2022
Gordon, Nick,624503,142,MIN,LF,26,153,1,4.41,27.8,2022
Pollock, AJ,572041,145,CWS,LF,34,202,1,4.42,27.8,2022
Bleday, JJ,668709,146,MIA,CF,24,46,,4.41,27.8,2022
Franco, Wander,677551,139,TB,SS,21,131,1,4.29,27.8,2022
DeJong, Paul,657557,138,STL,SS,28,46,,4.47,27.8,2022
Burger, Jake,669394,145,CWS,3B,26,57,,4.5,27.8,2022
Naquin, Tyler,571980,121,NYM,RF,31,91,,4.44,27.7,2022
Wisdom, Patrick,621550,112,CHC,3B,30,130,,4.5,27.8,2022
Greene, Riley,682985,116,DET,CF,21,162,,4.29,27.7,2022
Luplow, Jordan,656669,109,AZ,RF,28,56,,4.45,27.8,2022
Segura, Jean,516416,143,PHI,2B,32,187,3,4.31,27.7,2022
Brosseau, Mike,670712,158,MIL,3B,28,41,,4.49,27.7,2022
Grissom, Vaughn,687093,144,ATL,2B,21,59,,4.47,27.7,2022
India, Jonathan,663697,113,CIN,2B,25,135,,4.46,27.7,2022
Díaz, Aledmys,649557,117,HOU,LF,31,121,1,4.34,27.7,2022
Tucker, Cole,657061,134,PIT,RF,25,22,,4.35,27.7,2022
Stevenson, Cal,670276,133,OAK,CF,25,20,,,27.7,2022
Lopez, Nicky,670032,118,KC,2B,27,211,,4.24,27.7,2022
Castellanos, Nick,592206,143,PHI,RF,30,202,,4.43,27.7,2022
Allen, Nick,669397,133,OAK,SS,23,128,,4.42,27.7,2022
Alcántara, Sergio,642727,109,AZ,3B,25,79,,4.43,27.6,2022
Kirilloff, Alex,666135,142,MIN,LF,24,71,,4.32,27.6,2022
Harper, Bryce,547180,143,PHI,DH,29,157,,4.4,27.6,2022
Park, Hoy,660829,134,PIT,2B,26,19,,4.3,27.6,2022
Sosa, Lenyn,672820,145,CWS,SS,22,15,,4.57,27.6,2022
Smith, Kevin,675656,133,OAK,3B,25,45,,4.48,27.6,2022
Walton, Donovan,622268,137,SF,SS,28,35,,4.32,27.6,2022
Almora Jr., Albert,546991,113,CIN,RF,28,106,,4.45,27.6,2022
Laureano, Ramón,657656,133,OAK,RF,27,113,,4.43,27.6,2022
Rosario, Eddie,592696,144,ATL,LF,30,79,,4.28,27.6,2022
Mathias, Mark,664029,140,TEX,DH,27,23,,4.43,27.6,2022
Contreras, Willson,575929,112,CHC,C,30,173,,4.43,27.6,2022
Capel, Conner,668843,133,OAK,RF,25,22,,4.31,27.6,2022
Lowe, Brandon,664040,139,TB,2B,27,84,,4.37,27.5,2022
Cabrera, Oswaldo,665828,147,NYY,RF,23,47,,4.47,27.5,2022
Peralta, David,444482,139,TB,LF,34,148,,4.44,27.6,2022
Payton, Mark,592622,145,CWS,LF,30,10,,,27.6,2022
Lindor, Francisco,596019,121,NYM,SS,28,237,,4.44,27.5,2022
Reyes, Victor,622682,116,DET,RF,27,119,,4.5,27.5,2022
Lagares, Juan,501571,108,LAA,RF,33,23,,4.49,27.5,2022
Soto, Livan,670869,108,LAA,SS,22,19,,,27.5,2022
Hiura, Keston,669374,158,MIL,1B,25,51,,4.62,27.5,2022
Albies, Ozzie,645277,144,ATL,2B,25,88,3,4.2,27.5,2022
Benintendi, Andrew,643217,147,NYY,LF,27,186,1,4.38,27.5,2022
Anderson, Brian,605119,146,MIA,3B,29,125,,4.44,27.5,2022
Smith, Will,669257,119,LAD,C,27,160,,4.5,27.5,2022
Jansen, Danny,643376,141,TOR,C,27,61,,4.51,27.5,2022
Goodrum, Niko,592348,117,HOU,2B,30,12,,,27.5,2022
Mountcastle, Ryan,663624,110,BAL,1B,25,165,,4.51,27.5,2022
Bichette, Bo,666182,141,TOR,SS,24,237,,4.5,27.5,2022
Canha, Mark,592192,121,NYM,LF,33,197,,4.46,27.5,2022
Ibáñez, Andy,628451,140,TEX,3B,29,46,,4.41,27.5,2022
Brennan, Will,686823,114,CLE,LF,24,25,,4.41,27.4,2022
Ramos, Heliot,671218,137,SF,RF,22,10,,,27.4,2022
Andújar, Miguel,609280,134,PIT,LF,27,54,,4.51,27.4,2022
Garcia, Dermis,660650,133,OAK,1B,24,39,,4.65,27.4,2022
Steer, Spencer,668715,113,CIN,3B,24,34,,4.53,27.4,2022
Madrigal, Nick,663611,112,CHC,2B,25,115,,4.37,27.4,2022
Reynolds, Matt,608703,113,CIN,2B,31,92,,4.58,27.4,2022
Mondesi, Adalberto,609275,118,KC,SS,26,10,5,,27.4,2022
Moncada, Yoán,660162,145,CWS,3B,27,116,,4.39,27.4,2022
Moreno, Gabriel,672515,141,TOR,C,22,30,1,4.33,27.4,2022
McNeil, Jeff,643446,121,NYM,2B,30,222,,4.16,27.4,2022
Stubbs, Garrett,596117,143,PHI,C,29,34,,4.41,27.3,2022
Judge, Aaron,592450,147,NYY,CF,30,166,,4.66,27.3,2022
Gregorius, Didi,544369,143,PHI,SS,32,81,,4.38,27.3,2022
Castro, Rodolfo,666801,134,PIT,2B,23,100,,4.45,27.3,2022
Rojas, Josh,668942,109,AZ,3B,28,160,,4.37,27.3,2022
Clemens, Kody,665019,116,DET,3B,26,38,,4.47,27.3,2022
Wendle, Joey,621563,146,MIA,3B,32,170,,4.29,27.3,2022
Bryant, Kris,592178,115,COL,LF,30,67,,4.47,27.3,2022
Betts, Mookie,605141,119,LAD,RF,29,191,,4.45,27.3,2022
Castillo, Diego,660636,134,PIT,SS,24,88,,4.57,27.3,2022
Candelario, Jeimer,600869,116,DET,3B,28,159,,4.51,27.3,2022
Mayfield, Jack,608686,108,LAA,3B,31,27,,4.42,27.3,2022
O'Hearn, Ryan,656811,118,KC,DH,28,37,,4.54,27.3,2022
Sánchez, Jesús,660821,146,MIA,CF,24,115,,4.48,27.3,2022
Carpenter, Kerry,681481,116,DET,DH,24,33,,4.42,27.3,2022
Perdomo, Geraldo,672695,109,AZ,SS,22,164,,4.48,27.2,2022
Gurriel Jr., Lourdes,666971,141,TOR,LF,28,182,,4.44,27.3,2022
Pratto, Nick,668472,118,KC,1B,23,40,,4.4,27.2,2022
Meadows, Austin,640457,116,DET,RF,27,39,,4.4,27.2,2022
Donovan, Brendan,680977,138,STL,2B,25,220,1,4.38,27.2,2022
Kelenic, Jarred,672284,136,SEA,CF,22,47,1,4.39,27.2,2022
Muncy, Max,571970,119,LAD,3B,31,126,,4.43,27.2,2022
Rutschman, Adley,668939,110,BAL,C,24,158,,4.4,27.2,2022
Bart, Joey,663698,137,SF,C,25,59,,4.61,27.1,2022
Hager, Jake,606993,109,AZ,2B,29,21,,4.61,27.2,2022
Gallo, Joey,608336,119,LAD,LF,28,62,,4.58,27.1,2022
Vargas, Ildemaro,545121,120,WSH,3B,30,102,,4.48,27.1,2022
Miller, Brad,543543,140,TEX,LF,32,62,,4.44,27.1,2022
Renfroe, Hunter,592669,158,MIL,RF,30,137,,4.52,27.1,2022
Refsnyder, Rob,608701,111,BOS,RF,31,49,,4.47,27.1,2022
Correa, Carlos,621043,142,MIN,SS,27,180,1,4.58,27.1,2022
Vavra, Terrin,679631,110,BAL,2B,25,28,,4.53,27.1,2022
Bohm, Alec,664761,143,PHI,3B,25,257,,4.59,27.1,2022
Massey, Michael,686681,118,KC,2B,24,59,,4.47,27.1,2022
Díaz, Yandy,650490,139,TB,3B,30,224,,4.53,27.1,2022
Lowe, Nathaniel,663993,140,TEX,1B,26,214,,4.39,27.1,2022
Bradley Jr., Jackie,598265,141,TOR,RF,32,151,,4.42,27,2022
McKinney, Billy,641856,133,OAK,RF,27,18,,4.44,27,2022
Huff, Sam,669087,140,TEX,C,24,37,,4.6,27,2022
Odor, Rougned,596059,110,BAL,2B,28,109,1,4.39,27,2022
Harrison, Josh,543281,145,CWS,2B,34,139,,4.49,27,2022
Drury, Brandon,592273,135,SD,3B,29,192,,4.52,27,2022
Stowers, Kyle,669065,110,BAL,LF,24,29,,4.55,27,2022
Larnach, Trevor,663616,142,MIN,LF,25,59,,4.48,27,2022
García, Luis,671277,120,WSH,SS,22,153,,4.28,27,2022
Heyward, Jason,518792,112,CHC,CF,32,56,,4.43,27,2022
Contreras, William,661388,144,ATL,C,24,126,,4.51,27,2022
Espinal, Santiago,669289,141,TOR,2B,27,197,,4.38,27,2022
Ortega, Rafael,542364,112,CHC,CF,31,98,,4.53,27,2022
Yastrzemski, Mike,573262,137,SF,CF,31,138,,4.41,27,2022
Schoop, Jonathan,570731,116,DET,2B,30,183,,4.61,27,2022
Trammell, Taylor,666211,136,SEA,RF,24,29,,4.33,27,2022
Dickerson, Corey,572816,138,STL,LF,33,126,,4.35,27,2022
Marte, Ketel,606466,109,AZ,2B,28,193,1,4.46,27,2022
Soler, Jorge,624585,146,MIA,LF,30,80,,4.66,26.9,2022
Beckham, Tim,542921,142,MIN,DH,32,10,,,26.9,2022
Rivera, Emmanuel,656896,109,AZ,3B,26,134,,4.68,26.9,2022
Gurriel, Yuli,493329,117,HOU,1B,38,228,,4.45,26.9,2022
Herrera, Odúbel,546318,143,PHI,CF,30,74,1,4.28,26.9,2022
Torres, Gleyber,650402,147,NYY,2B,25,152,,4.51,26.9,2022
Hernández, Enrique,571771,111,BOS,CF,30,131,,4.57,26.9,2022
Bride, Jonah,681146,133,OAK,2B,26,65,,4.52,26.9,2022
Jung, Josh,673962,140,TEX,3B,24,29,,4.57,26.9,2022
Haniger, Mitch,571745,136,SEA,RF,31,63,,4.6,26.9,2022
Freeman, Freddie,518692,119,LAD,1B,32,253,,4.48,26.9,2022
Bemboom, Anthony,621532,110,BAL,C,32,18,,4.52,26.9,2022
Mejía, Francisco,642336,139,TB,C,26,91,,4.42,26.9,2022
Montero, Elehuris,660707,115,COL,3B,23,59,,4.66,26.9,2022
Gorman, Nolan,669357,138,STL,2B,22,57,,4.38,26.9,2022
Pinto, René,650907,139,TB,C,25,20,,4.46,26.9,2022
Crawford, J.P.,641487,136,SEA,SS,27,230,,4.45,26.8,2022
Arraez, Luis,650333,142,MIN,1B,25,221,,4.49,26.8,2022
Joe, Connor,656582,115,COL,LF,29,165,,4.57,26.8,2022
Yepez, Juan,660766,138,STL,LF,24,94,,4.66,26.8,2022
Verdugo, Alex,657077,111,BOS,LF,26,240,,4.38,26.8,2022
Beaty, Matt,607461,135,SD,RF,29,14,,,26.8,2022
Duffy, Matt,622110,108,LAA,3B,31,89,,4.56,26.8,2022
Raleigh, Cal,663728,136,SEA,C,25,89,,4.57,26.8,2022
Frazier, Adam,624428,136,SEA,2B,30,221,,4.4,26.8,2022
Villar, Jonathan,542340,108,LAA,2B,31,89,,4.42,26.8,2022
Baty, Brett,683146,121,NYM,3B,22,13,,,26.8,2022
Farmer, Kyle,571657,113,CIN,SS,31,209,,4.58,26.8,2022
Hernandez, Yonny,660634,109,AZ,3B,24,16,,,26.8,2022
MacKinnon, David,676950,133,OAK,1B,27,14,,,26.7,2022
Heineman, Tyler,623168,134,PIT,C,31,52,,4.45,26.7,2022
Trejo, Alan,676701,115,COL,SS,26,38,,4.7,26.7,2022
Villar, David,681584,137,SF,3B,25,45,,4.59,26.7,2022
Frazier, Jackson,640449,112,CHC,DH,27,17,,,26.7,2022
Vosler, Jason,613564,137,SF,3B,28,35,,4.55,26.7,2022
Urías, Ramón,602104,110,BAL,3B,28,147,,4.66,26.7,2022
Simmons, Andrelton,592743,112,CHC,SS,32,39,,4.54,26.7,2022
Bote, David,623520,112,CHC,3B,29,44,,4.5,26.7,2022
Adams, Riley,656180,120,WSH,C,26,45,,4.62,26.7,2022
Barnes, Austin,605131,119,LAD,C,32,72,,4.66,26.7,2022
Murphy, Tom,608596,136,SEA,C,31,11,,,26.7,2022
Rodgers, Brendan,663898,115,COL,2B,25,233,,4.52,26.7,2022
Matijevic, J.J.,656695,117,HOU,DH,26,21,,4.35,26.7,2022
Garlick, Kyle,664247,142,MIN,LF,30,46,,4.68,26.6,2022
Guerrero, Vladimir,665489,141,TOR,1B,23,279,,4.56,26.6,2022
Maton, Nick,665155,143,PHI,2B,25,18,,,26.6,2022
Sheets, Gavin,657757,145,CWS,RF,26,128,,4.52,26.6,2022
Bregman, Alex,608324,117,HOU,3B,28,201,,4.6,26.6,2022
Lopez, Alejo,664670,113,CIN,2B,26,61,,4.4,26.6,2022
Soto, Juan,665742,135,SD,RF,23,257,,4.39,26.6,2022
Profar, Jurickson,595777,135,SD,LF,29,227,,4.48,26.6,2022
Walker, Christian,572233,109,AZ,1B,31,189,,4.64,26.6,2022
Ozuna, Marcell,542303,144,ATL,DH,31,136,,4.67,26.6,2022
Tucker, Kyle,663656,117,HOU,RF,25,159,,4.51,26.6,2022
Stephenson, Tyler,663886,113,CIN,C,25,56,,4.64,26.5,2022
Smith, Pavin,656976,109,AZ,RF,26,83,,4.57,26.5,2022
Robinson, Chuckie,642020,113,CIN,C,27,26,,4.61,26.5,2022
Knapp, Andrew,595284,137,SF,C,30,12,,,26.5,2022
Adrianza, Ehire,501303,144,ATL,3B,32,38,,4.37,26.5,2022
Alvarez, Yordan,670541,117,HOU,DH,25,163,,4.53,26.5,2022
Davis, J.D.,605204,137,SF,DH,29,96,,4.71,26.5,2022
Arcia, Orlando,606115,144,ATL,2B,27,77,,4.7,26.5,2022
Serven, Brian,661531,115,COL,C,27,67,,4.52,26.5,2022
Nola, Austin,543592,135,SD,C,32,160,,4.74,26.4,2022
Proctor, Ford,665154,137,SF,2B,25,10,,,26.4,2022
Santander, Anthony,623993,110,BAL,RF,27,149,,4.67,26.4,2022
Urías, Luis,649966,158,MIL,3B,25,140,,4.63,26.4,2022
Neuse, Sheldon,641914,133,OAK,3B,27,119,,4.63,26.4,2022
Rojas, Jose,670351,108,LAA,3B,29,12,,,26.4,2022
Schwarber, Kyle,656941,143,PHI,LF,29,147,,4.51,26.4,2022
Rojas, Miguel,500743,146,MIA,SS,33,206,,4.61,26.4,2022
LeMahieu, DJ,518934,147,NYY,3B,33,218,,4.7,26.4,2022
Higgins, P.J.,664731,112,CHC,C,29,80,,4.51,26.4,2022
Stefanic, Michael,683021,108,LAA,2B,26,28,,4.59,26.4,2022
Garver, Mitch,641598,140,TEX,DH,31,50,,4.68,26.3,2022
Machado, Manny,592518,135,SD,3B,29,196,,4.71,26.3,2022
Olson, Matt,621566,144,ATL,1B,28,201,,4.65,26.3,2022
Gonzalez, Marwin,503556,147,NYY,SS,33,50,,4.55,26.3,2022
Mazara, Nomar,608577,135,SD,RF,27,57,,4.57,26.3,2022
Gomes, Yan,543228,112,CHC,C,34,107,,4.72,26.3,2022
Groshans, Jordan,677954,146,MIA,3B,22,22,,4.58,26.3,2022
Hall, Darick,669742,143,PHI,DH,26,35,,4.75,26.3,2022
Castro, Jason,488771,117,HOU,C,35,16,,4.54,26.3,2022
Smith, Dominic,642086,121,NYM,1B,27,52,,4.52,26.3,2022
Campusano, Luis,669134,135,SD,C,23,17,,4.79,26.2,2022
Henry, Payton,668721,146,MIA,C,25,13,,4.73,26.2,2022
Goldschmidt, Paul,502671,138,STL,1B,34,209,,4.61,26.2,2022
Cooper, Garrett,643265,146,MIA,1B,31,150,,4.66,26.2,2022
Rivas, Alfonso,663845,112,CHC,1B,25,86,,4.63,26.2,2022
Miranda, Jose,669304,142,MIN,1B,24,159,,4.61,26.2,2022
Rendon, Anthony,543685,108,LAA,3B,32,51,,4.69,26.2,2022
Castro, Harold,605612,116,DET,1B,28,159,,4.5,26.2,2022
Bell, Josh,605137,135,SD,1B,29,247,,4.62,26.2,2022
Vaughn, Andrew,683734,145,CWS,LF,24,215,,4.71,26.2,2022
Paredes, Isaac,670623,139,TB,3B,23,118,,4.75,26.2,2022
Kemp, Tony,643393,133,OAK,2B,30,198,,4.46,26.2,2022
Diaz, Jordan,672478,133,OAK,2B,21,35,,4.78,26.2,2022
d'Arnaud, Travis,518595,144,ATL,C,33,170,,4.69,26.1,2022
Seager, Corey,608369,140,TEX,SS,28,195,,4.67,26.1,2022
Martinez, J.D.,502110,111,BOS,DH,34,188,,4.68,26.1,2022
Mitchell, Cal,668751,134,PIT,RF,23,87,,4.71,26.1,2022
Fletcher, David,664058,108,LAA,2B,28,82,,4.48,26.1,2022
VanMeter, Josh,642165,134,PIT,2B,27,46,,4.62,26.1,2022
Murphy, Sean,669221,133,OAK,C,27,207,,4.62,26.1,2022
Delay, Jason,641511,134,PIT,C,27,47,,4.74,26.1,2022
Almonte, Abraham,501659,111,BOS,CF,33,12,,,26.1,2022
McCann, James,543510,121,NYM,C,32,48,,4.76,26.1,2022
Carpenter, Matt,572761,147,NYY,DH,36,33,,4.54,26.1,2022
Lamb, Jake,571875,136,SEA,DH,31,28,,,26.1,2022
Díaz, Elias,553869,115,COL,C,31,126,,4.64,26.1,2022
Andrus, Elvis,462101,145,CWS,SS,33,220,,4.6,26,2022
Jeffers, Ryan,680777,142,MIN,C,25,61,,4.73,26,2022
Wong, Kolten,543939,158,MIL,2B,31,168,,4.45,26,2022
Heim, Jonah,641680,140,TEX,C,27,131,,4.79,26,2022
Tsutsugo, Yoshi,660294,134,PIT,1B,30,60,,4.47,26,2022
Garcia, Aramis,605244,113,CIN,C,29,23,,4.69,26,2022
Araúz, Jonathan,660620,110,BAL,3B,23,13,,,26,2022
Torrens, Luis,620443,136,SEA,C,26,42,,4.79,26,2022
Mendick, Danny,664901,145,CWS,SS,28,36,1,4.64,26,2022
McGuire, Reese,624512,111,BOS,C,27,83,,4.51,26,2022
Pederson, Joc,592626,137,SF,LF,30,101,,4.44,26,2022
Wade Jr., LaMonte,664774,137,SF,RF,28,63,,4.67,26,2022
Reyes, Franmil,614177,112,CHC,DH,26,139,,4.8,26,2022
Abreu, José,547989,145,CWS,1B,35,233,,4.65,26,2022
Alberto, Hanser,593643,119,LAD,2B,29,69,,4.53,26,2022
Hoskins, Rhys,656555,143,PHI,1B,29,180,,4.73,25.9,2022
Mercedes, Yermín,606213,137,SF,DH,29,20,,,25.9,2022
Pinder, Chad,640461,133,OAK,LF,30,134,,4.7,25.9,2022
Higashioka, Kyle,543309,147,NYY,C,32,61,,4.72,25.9,2022
Calhoun, Willie,641432,137,SF,DH,27,18,,,25.9,2022
Guillorme, Luis,641645,121,NYM,2B,27,145,,4.52,25.9,2022
Walsh, Jared,665120,108,LAA,1B,28,137,,4.55,25.9,2022
Zavala, Seby,664874,145,CWS,C,28,46,,4.72,25.8,2022
Meneses, Joey,608841,120,WSH,1B,30,90,,4.71,25.8,2022
Hosmer, Eric,543333,111,BOS,1B,32,174,,4.57,25.8,2022
Solano, Donovan,456781,113,CIN,1B,34,102,,4.62,25.8,2022
Dickerson, Alex,543105,144,ATL,DH,32,12,,,25.8,2022
Knizner, Andrew,668800,138,STL,C,27,101,,4.69,25.8,2022
McMahon, Ryan,641857,115,COL,3B,27,171,,4.61,25.8,2022
Urshela, Gio,570482,142,MIN,3B,30,185,,4.54,25.8,2022
Suárez, Eugenio,553993,136,SEA,3B,30,144,,4.82,25.7,2022
Santana, Carlos,467793,136,SEA,1B,36,140,,4.68,25.7,2022
Vogt, Stephen,519390,133,OAK,DH,37,44,,4.57,25.7,2022
Aranda, Jonathan,666018,139,TB,2B,24,32,,4.57,25.7,2022
Jiménez, Eloy,650391,145,CWS,DH,25,114,,4.62,25.7,2022
Ruf, Darin,573131,121,NYM,1B,35,100,,4.78,25.7,2022
Donaldson, Josh,518626,147,NYY,3B,36,158,,4.58,25.7,2022
Kelly, Carson,608348,109,AZ,C,27,115,,4.82,25.6,2022
Pasquantino, Vinnie,686469,118,KC,1B,24,91,,4.73,25.6,2022
Alonso, Pete,624413,121,NYM,1B,27,183,,4.67,25.6,2022
Stassi, Max,545358,108,LAA,C,31,117,,4.86,25.6,2022
Nevin, Tyler,663527,110,BAL,3B,25,46,,4.75,25.6,2022
Mancini, Trey,641820,117,HOU,DH,30,169,,4.76,25.6,2022
Hernandez, Yadiel,628450,120,WSH,LF,34,114,,4.62,25.6,2022
Nido, Tomás,621512,121,NYM,C,28,108,,4.82,25.6,2022
Schwindel, Frank,643524,112,CHC,1B,30,97,,4.67,25.5,2022
Rizzo, Anthony,519203,147,NYY,1B,32,143,,4.66,25.5,2022
Machín, Vimael,605353,133,OAK,3B,28,91,,4.71,25.5,2022
Vázquez, Christian,543877,117,HOU,C,31,168,,4.66,25.5,2022
Maile, Luke,571912,114,CLE,C,31,59,,4.74,25.5,2022
Cruz, Nelson,443558,120,WSH,DH,41,175,,4.81,25.5,2022
Franco, Maikel,596748,120,WSH,3B,29,135,,4.88,25.5,2022
Devers, Rafael,646240,111,BOS,3B,25,193,,4.57,25.5,2022
Zunino, Mike,572287,139,TB,C,31,18,,,25.5,2022
Arenado, Nolan,571448,138,STL,3B,31,170,,4.73,25.5,2022
Winker, Jesse,608385,136,SEA,LF,28,124,,4.67,25.4,2022
Viloria, Meibrys,650619,140,TEX,C,25,20,,,25.4,2022
Crawford, Brandon,543063,137,SF,SS,35,156,,4.54,25.3,2022
Ríos, Edwin,621458,119,LAD,DH,28,22,,4.62,25.3,2022
Ruiz, Keibert,660688,120,WSH,C,23,141,,4.77,25.3,2022
Perez, Salvador,521692,118,KC,C,32,121,,4.78,25.3,2022
Calhoun, Kole,594777,140,TEX,RF,34,95,,4.66,25.3,2022
Naylor, Josh,647304,114,CLE,1B,25,187,,4.63,25.3,2022
Votto, Joey,458015,113,CIN,1B,38,102,,4.75,25.3,2022
Burleson, Alec,676475,138,STL,RF,23,17,,4.56,25.3,2022
Herrera, Jose,645444,109,AZ,C,25,52,,4.64,25.3,2022
Longoria, Evan,446334,137,SF,3B,36,75,,4.71,25.3,2022
Brantley, Michael,488726,117,HOU,DH,35,85,,4.72,25.2,2022
Flores, Wilmer,527038,137,SF,2B,30,169,,4.71,25.2,2022
Cron, C.J.,543068,115,COL,1B,32,176,,4.84,25.2,2022
Sanchez, Gary,596142,142,MIN,C,29,122,,4.72,25.1,2022
Trevino, Jose,624431,147,NYY,C,29,120,,4.69,25,2022
Piscotty, Stephen,572039,133,OAK,RF,31,35,,4.69,25,2022
Quiroz, Esteban,606019,112,CHC,2B,30,14,,,25,2022
Rivero, Sebastian,665861,118,KC,C,23,11,,,25,2022
Moustakas, Mike,519058,113,CIN,DH,33,64,,4.77,25,2022
Lowrie, Jed,476704,133,OAK,DH,38,46,,4.92,25,2022
Turner, Justin,457759,119,LAD,3B,37,158,,4.87,25,2022
Choi, Ji-Man,596847,139,TB,1B,31,111,,4.57,25,2022
Caratini, Victor,605170,158,MIL,C,28,95,,4.85,24.9,2022
Casas, Triston,671213,111,BOS,1B,22,27,,4.63,24.9,2022
Wynns, Austin,642851,137,SF,C,31,64,,4.87,24.9,2022
Gallagher, Cam,595956,118,KC,C,29,12,,,24.9,2022
La Stella, Tommy,600303,137,SF,DH,33,71,,4.67,24.9,2022
Camargo, Johan,622666,143,PHI,SS,28,50,,4.72,24.8,2022
Plawecki, Kevin,608700,140,TEX,C,31,61,,4.91,24.8,2022
Romine, Austin,519222,113,CIN,C,33,45,,4.85,24.8,2022
Perez, Roberto,547379,134,PIT,C,33,17,,,24.8,2022
Papierski, Michael,657709,113,CIN,C,26,33,,4.84,24.8,2022
Voit, Luke,572228,120,WSH,DH,31,118,,4.96,24.7,2022
France, Ty,664034,136,SEA,1B,27,220,,4.88,24.7,2022
Beer, Seth,666179,109,AZ,DH,25,41,,4.82,24.7,2022
Díaz, Lewin,650331,146,MIA,1B,25,39,,4.76,24.6,2022
Casali, Curt,592200,136,SEA,C,33,34,,4.99,24.6,2022
Hedges, Austin,595978,114,CLE,C,29,91,,4.94,24.5,2022
Stanton, Giancarlo,519317,147,NYY,DH,32,117,,5.04,24.5,2022
Astudillo, Willians,553902,146,MIA,2B,30,22,,4.76,24.4,2022
Perez, Michael,605421,121,NYM,C,29,28,,4.93,24.4,2022
Thaiss, Matt,642136,108,LAA,C,27,23,,4.88,24.4,2022
Belt, Brandon,474832,137,SF,1B,34,57,,4.8,24.3,2022
Canó, Robinson,429664,144,ATL,2B,39,37,,4.74,24.3,2022
Suzuki, Kurt,435559,108,LAA,C,38,39,,5.01,24.2,2022
Collins, Zack,641470,134,PIT,DH,27,20,,,24.2,2022
Ford, Mike,645801,108,LAA,1B,29,29,,4.79,24.2,2022
Wallach, Chad,595453,108,LAA,C,30,11,,,24.2,2022
Barrera, Tres,668663,120,WSH,C,27,19,,,24.1,2022
Kirk, Alejandro,672386,141,TOR,C,23,191,,4.89,24.1,2022
Mazeika, Patrick,664850,121,NYM,C,28,27,,4.71,24.1,2022
Narváez, Omar,553882,158,MIL,C,30,71,,4.99,24.1,2022
Lewis, Kyle,641786,136,SEA,DH,26,13,,4.97,24.1,2022
Moran, Colin,592567,113,CIN,1B,29,36,,4.88,24,2022
Vogelbach, Daniel,596129,121,NYM,DH,29,107,,4.9,23.9,2022
Tellez, Rowdy,642133,158,MIL,1B,27,147,,4.83,23.9,2022
Aguilar, Jesús,542583,110,BAL,1B,32,120,,5.01,23.9,2022
Barnhart, Tucker,571466,116,DET,C,31,101,,4.88,23.8,2022
Stallings, Jacob,607732,146,MIA,C,32,116,,5.04,23.7,2022
Chirinos, Robinson,455139,110,BAL,C,38,47,,5.11,23.7,2022
Leon, Sandy,506702,142,MIN,C,33,17,,,23.6,2022
Cabrera, Miguel,408234,116,DET,DH,39,149,,5.13,23.1,2022
Pujols, Albert,405395,138,STL,DH,42,94,,5.08,22.6,2022
Maldonado, Martín,455117,117,HOU,C,35,95,,5.07,22.4,2022
Grandal, Yasmani,518735,145,CWS,C,33,94,,5.26,22,2022
Molina, Yadier,425877,138,STL,C,39,80,,5.07,21.8,2022
